species,x,y,source,time
Pistia_stratiotes,113.332648,22.905678,GBIF,2025-01-04
Pistia_stratiotes,110.420536,22.811003,GBIF,2025-01-16
Pistia_stratiotes,103.962517,30.724303,GBIF,2025-01-21
Pistia_stratiotes,98.064005,24.742874,GBIF,2025-01-24
Pistia_stratiotes,115.754532,25.258926,GBIF,2025-03-01
Pistia_stratiotes,110.503334,24.788145,GBIF,2025-03-30
Pistia_stratiotes,101.249516,21.927791,GBIF,2025-03-07
Pistia_stratiotes,109.196333,18.30001,GBIF,2025-03-20
Pistia_stratiotes,122.209884,29.988601,GBIF,2025-05-30
Pistia_stratiotes,106.830708,29.578981,GBIF,2025-06-01
Pistia_stratiotes,115.775936,25.210498,GBIF,2025-06-25
Pistia_stratiotes,102.6749,25.041861,GBIF,2025-06-08
Pistia_stratiotes,110.435511,24.767173,GBIF,2025-07-03
Pistia_stratiotes,110.462176,24.731033,GBIF,2025-07-04
Pistia_stratiotes,106.550249,29.747229,GBIF,2025-07-10
Pistia_stratiotes,120.109092,30.251844,GBIF,2025-07-12
Pistia_stratiotes,113.917237,22.546745,GBIF,2025-07-18
Pistia_stratiotes,110.328476,20.072321,GBIF,2025-08-16
Pistia_stratiotes,118.579872,32.121284,GBIF,2025-08-23
Pistia_stratiotes,118.401383,34.61545,GBIF,2025-08-29
Pistia_stratiotes,116.31617,40.129181,GBIF,2025-09-10
Pistia_stratiotes,121.498305,31.284945,GBIF,2025-09-27
Pistia_stratiotes,119.261274,26.063293,GBIF,2025-09-11
Pistia_stratiotes,120.774332,24.068835,GBIF,2025-01-05
Pistia_stratiotes,121.581278,25.091333,GBIF,2025-01-06
Pistia_stratiotes,120.332108,23.228397,GBIF,2025-01-13
Pistia_stratiotes,121.534619,25.121028,GBIF,2025-01-14
Pistia_stratiotes,121.410296,23.658455,GBIF,2025-01-20
Pistia_stratiotes,120.359506,23.637446,GBIF,2025-01-21
Pistia_stratiotes,121.407419,25.165243,GBIF,2025-01-13
Pistia_stratiotes,121.822833,24.651481,GBIF,2025-01-08
Pistia_stratiotes,121.288567,23.200863,GBIF,2025-02-11
Pistia_stratiotes,120.313209,23.183842,GBIF,2025-02-18
Pistia_stratiotes,120.422467,23.724608,GBIF,2025-02-21
Pistia_stratiotes,121.500867,24.953452,GBIF,2025-02-24
Pistia_stratiotes,120.486126,23.463661,GBIF,2025-03-04
Pistia_stratiotes,120.611695,22.645827,GBIF,2025-03-06
Pistia_stratiotes,120.530371,22.905192,GBIF,2025-03-13
Pistia_stratiotes,121.538106,25.017206,GBIF,2025-03-18
Pistia_stratiotes,120.820223,24.279402,GBIF,2025-03-24
Pistia_stratiotes,120.698387,24.057673,GBIF,2025-04-12
Pistia_stratiotes,121.610876,23.940443,GBIF,2025-04-02
Pistia_stratiotes,120.591388,23.63815,GBIF,2025-04-26
Pistia_stratiotes,120.971624,24.775313,GBIF,2025-04-27
Pistia_stratiotes,121.21527,24.952682,GBIF,2025-04-27
Pistia_stratiotes,121.597755,25.090144,GBIF,2025-04-27
Pistia_stratiotes,121.562824,25.043263,GBIF,2025-04-27
Pistia_stratiotes,120.44595,23.692301,GBIF,2025-04-27
Pistia_stratiotes,120.672551,24.111504,GBIF,2025-04-26
Pistia_stratiotes,121.688675,24.729738,GBIF,2025-04-28
Pistia_stratiotes,121.341376,25.015781,GBIF,2025-04-28
Pistia_stratiotes,121.499906,24.95222,GBIF,2025-04-29
Pistia_stratiotes,121.303777,23.262045,GBIF,2025-04-30
Pistia_stratiotes,120.551536,22.658036,GBIF,2025-04-28
Pistia_stratiotes,120.597,24.000433,GBIF,2025-04-14
Pistia_stratiotes,120.407387,23.729395,GBIF,2025-05-06
Pistia_stratiotes,120.720194,24.254508,GBIF,2025-05-01
Pistia_stratiotes,121.091635,24.706447,GBIF,2025-05-17
Pistia_stratiotes,121.539106,24.914794,GBIF,2025-05-06
Pistia_stratiotes,120.507901,22.710302,GBIF,2025-05-16
Pistia_stratiotes,120.506746,22.708313,GBIF,2025-05-16
Pistia_stratiotes,121.477572,25.128689,GBIF,2025-05-10
Pistia_stratiotes,120.524569,23.690478,GBIF,2025-06-04
Pistia_stratiotes,121.31143,24.942933,GBIF,2025-06-13
Pistia_stratiotes,120.557431,24.214924,GBIF,2025-06-14
Pistia_stratiotes,121.727048,25.023568,GBIF,2025-06-22
Pistia_stratiotes,121.545512,24.960272,GBIF,2025-06-16
Pistia_stratiotes,121.98291,24.668782,GBIF,2025-06-21
Pistia_stratiotes,121.278516,25.087865,GBIF,2025-06-29
Pistia_stratiotes,118.413585,24.441022,GBIF,2025-06-21
Pistia_stratiotes,121.634333,24.750758,GBIF,2025-07-16
Pistia_stratiotes,121.684807,24.752623,GBIF,2025-07-08
Pistia_stratiotes,120.487909,23.353654,GBIF,2025-07-27
Pistia_stratiotes,121.494235,25.257824,GBIF,2025-08-02
Pistia_stratiotes,121.610303,25.212683,GBIF,2025-08-04
Pistia_stratiotes,120.988708,24.7979,GBIF,2025-08-13
Pistia_stratiotes,120.380293,23.296121,GBIF,2025-08-24
Pistia_stratiotes,120.794853,23.730353,GBIF,2025-08-26
Pistia_stratiotes,120.887991,24.092882,GBIF,2025-08-24
Pistia_stratiotes,121.300682,24.898293,GBIF,2025-08-28
Pistia_stratiotes,121.053656,24.875097,GBIF,2025-08-24
Pistia_stratiotes,121.731409,24.72115,GBIF,2025-08-29
Pistia_stratiotes,121.285525,23.154416,GBIF,2025-08-27
Pistia_stratiotes,121.636777,25.222362,GBIF,2025-08-27
Pistia_stratiotes,121.261128,23.303273,GBIF,2025-08-05
Pistia_stratiotes,121.493417,23.450572,GBIF,2025-08-12
Pistia_stratiotes,121.502434,25.259345,GBIF,2025-09-24
Pistia_stratiotes,113.908919,22.233604,GBIF,2025-04-25
Pistia_stratiotes,114.219318,22.474533,GBIF,2025-04-27
Pistia_stratiotes,113.975547,22.242014,GBIF,2025-04-28
Pistia_stratiotes,114.098128,22.433787,GBIF,2025-07-15
Pistia_stratiotes,113.559625,22.153161,GBIF,2025-04-26
Pistia_stratiotes,113.543551,22.209391,GBIF,2025-04-27
Pistia_stratiotes,113.548225,22.200358,GBIF,2025-04-27
Pistia_stratiotes,113.535435,22.187708,GBIF,2025-04-27
Pistia_stratiotes,116.110118,25.106341,GBIF,2024-01-21
Pistia_stratiotes,114.33567,23.657978,GBIF,2024-02-09
Pistia_stratiotes,101.254799,21.927481,GBIF,2024-02-23
Pistia_stratiotes,100.762542,22.019631,GBIF,2024-02-19
Pistia_stratiotes,118.097358,24.434287,GBIF,2024-06-23
Pistia_stratiotes,121.550697,29.84984,GBIF,2024-06-21
Pistia_stratiotes,108.332863,21.7545,GBIF,2024-07-16
Pistia_stratiotes,106.935374,22.707005,GBIF,2024-09-03
Pistia_stratiotes,114.686941,26.415813,GBIF,2024-09-13
Pistia_stratiotes,115.672031,24.23438,GBIF,2024-10-15
Pistia_stratiotes,114.047861,22.543516,GBIF,2024-10-10
Pistia_stratiotes,113.349205,23.156696,GBIF,2024-10-18
Pistia_stratiotes,116.241669,40.103229,GBIF,2024-10-30
Pistia_stratiotes,112.109422,22.170847,GBIF,2024-11-10
Pistia_stratiotes,120.558845,23.452887,GBIF,2024-01-24
Pistia_stratiotes,120.677436,23.727412,GBIF,2024-01-28
Pistia_stratiotes,120.241997,22.918087,GBIF,2024-01-16
Pistia_stratiotes,121.853105,24.590829,GBIF,2024-02-18
Pistia_stratiotes,121.586355,24.967255,GBIF,2024-02-18
Pistia_stratiotes,120.29687,23.406682,GBIF,2024-02-25
Pistia_stratiotes,121.539185,25.17061,GBIF,2024-02-24
Pistia_stratiotes,121.808859,25.011089,GBIF,2024-03-11
Pistia_stratiotes,121.500613,23.460276,GBIF,2024-04-04
Pistia_stratiotes,121.581374,23.897938,GBIF,2024-04-04
Pistia_stratiotes,121.756458,24.658161,GBIF,2024-04-10
Pistia_stratiotes,120.298028,22.680692,GBIF,2024-04-14
Pistia_stratiotes,120.597531,23.767225,GBIF,2024-04-12
Pistia_stratiotes,120.284762,22.657693,GBIF,2024-04-15
Pistia_stratiotes,120.625613,23.726122,GBIF,2024-04-27
Pistia_stratiotes,121.074375,24.757542,GBIF,2024-04-26
Pistia_stratiotes,121.751915,24.739891,GBIF,2024-04-26
Pistia_stratiotes,121.575111,25.133669,GBIF,2024-05-05
Pistia_stratiotes,121.274439,25.018983,GBIF,2024-05-21
Pistia_stratiotes,118.232278,24.444447,GBIF,2024-05-23
Pistia_stratiotes,121.442116,24.972071,GBIF,2024-05-28
Pistia_stratiotes,120.789153,23.86645,GBIF,2024-06-13
Pistia_stratiotes,121.459895,25.071189,GBIF,2024-06-03
Pistia_stratiotes,121.113059,24.820018,GBIF,2024-07-14
Pistia_stratiotes,121.765589,24.802973,GBIF,2024-07-12
Pistia_stratiotes,121.527505,23.614906,GBIF,2024-07-22
Pistia_stratiotes,121.194237,25.058406,GBIF,2024-08-08
Pistia_stratiotes,121.159463,24.845679,GBIF,2024-08-26
Pistia_stratiotes,120.557456,24.081942,GBIF,2024-08-21
Pistia_stratiotes,121.474892,23.668489,GBIF,2024-09-21
Pistia_stratiotes,121.239397,23.177742,GBIF,2024-09-02
Pistia_stratiotes,120.708514,22.003514,GBIF,2024-10-26
Pistia_stratiotes,121.822098,24.997184,GBIF,2024-10-23
Pistia_stratiotes,120.320316,23.565148,GBIF,2024-10-26
Pistia_stratiotes,120.603607,24.205935,GBIF,2024-11-14
Pistia_stratiotes,120.264757,22.724619,GBIF,2024-11-24
Pistia_stratiotes,121.759421,24.624591,GBIF,2024-11-28
Pistia_stratiotes,121.39008,24.966818,GBIF,2024-11-25
Pistia_stratiotes,120.364922,22.627711,GBIF,2024-12-09
Pistia_stratiotes,120.311734,23.272362,GBIF,2024-12-16
Pistia_stratiotes,121.205222,25.006544,GBIF,2024-12-17
Pistia_stratiotes,120.915397,24.579972,GBIF,2024-12-08
Pistia_stratiotes,114.16185,22.277278,GBIF,2024-05-02
Pistia_stratiotes,113.992745,22.265967,GBIF,2024-05-03
Pistia_stratiotes,114.021764,22.595671,GBIF,2024-05-15
Pistia_stratiotes,114.149937,22.498832,GBIF,2024-06-08
Pistia_stratiotes,114.014884,22.455513,GBIF,2024-08-03
Pistia_stratiotes,114.169159,22.511193,GBIF,2024-08-31
Pistia_stratiotes,114.055667,22.517467,GBIF,2024-10-03
Pistia_stratiotes,113.404723,22.11903,GBIF,2024-01-20
Pistia_stratiotes,115.806294,25.587083,GBIF,2023-01-14
Pistia_stratiotes,116.963577,25.495817,GBIF,2023-01-23
Pistia_stratiotes,118.073063,24.602722,GBIF,2023-03-18
Pistia_stratiotes,115.778522,25.611391,GBIF,2023-04-26
Pistia_stratiotes,118.859459,32.054211,GBIF,2023-05-24
Pistia_stratiotes,122.302754,27.874628,GBIF,2023-05-20
Pistia_stratiotes,114.95013,25.831705,GBIF,2023-06-30
Pistia_stratiotes,112.999347,28.214486,GBIF,2023-08-11
Pistia_stratiotes,120.427227,36.095394,GBIF,2023-08-07
Pistia_stratiotes,116.171108,23.561569,GBIF,2023-08-24
Pistia_stratiotes,110.49663,24.77843,GBIF,2023-08-12
Pistia_stratiotes,106.970045,30.872978,GBIF,2023-11-01
Pistia_stratiotes,100.948625,21.860733,GBIF,2023-11-25
Pistia_stratiotes,120.531528,23.665729,GBIF,2023-01-12
Pistia_stratiotes,121.266153,24.862228,GBIF,2023-01-17
Pistia_stratiotes,120.870947,23.779371,GBIF,2023-01-17
Pistia_stratiotes,120.463325,23.702532,GBIF,2023-01-01
Pistia_stratiotes,120.286342,22.778249,GBIF,2023-02-14
Pistia_stratiotes,120.731464,24.168707,GBIF,2023-02-24
Pistia_stratiotes,121.833057,24.865627,GBIF,2023-03-21
Pistia_stratiotes,120.460851,23.810797,GBIF,2023-03-24
Pistia_stratiotes,121.323548,23.377052,GBIF,2023-04-03
Pistia_stratiotes,120.610303,23.615594,GBIF,2023-04-05
Pistia_stratiotes,121.532641,25.132408,GBIF,2023-04-07
Pistia_stratiotes,120.785223,24.393852,GBIF,2023-04-10
Pistia_stratiotes,120.633411,24.304573,GBIF,2023-04-10
Pistia_stratiotes,121.45333,25.028145,GBIF,2023-04-15
Pistia_stratiotes,120.927672,23.941657,GBIF,2023-04-12
Pistia_stratiotes,121.026383,24.811962,GBIF,2023-04-29
Pistia_stratiotes,121.749008,24.762412,GBIF,2023-04-29
Pistia_stratiotes,121.351719,23.413548,GBIF,2023-04-20
Pistia_stratiotes,121.706834,25.051494,GBIF,2023-05-01
Pistia_stratiotes,120.540862,22.586605,GBIF,2023-05-03
Pistia_stratiotes,121.740974,25.12233,GBIF,2023-05-20
Pistia_stratiotes,120.542164,23.701346,GBIF,2023-05-27
Pistia_stratiotes,120.626059,24.153789,GBIF,2023-05-26
Pistia_stratiotes,121.531181,25.070749,GBIF,2023-06-19
Pistia_stratiotes,120.295242,22.844846,GBIF,2023-06-03
Pistia_stratiotes,120.622702,24.128982,GBIF,2023-07-18
Pistia_stratiotes,121.805013,24.688763,GBIF,2023-08-14
Pistia_stratiotes,121.561276,23.727035,GBIF,2023-08-21
Pistia_stratiotes,120.293,22.66112,GBIF,2023-08-26
Pistia_stratiotes,120.86364,24.41731,GBIF,2023-09-30
Pistia_stratiotes,121.754535,24.765865,GBIF,2023-10-03
Pistia_stratiotes,121.532287,24.974906,GBIF,2023-11-04
Pistia_stratiotes,120.850625,23.72265,GBIF,2023-11-26
Pistia_stratiotes,121.470977,25.036887,GBIF,2023-11-25
Pistia_stratiotes,121.740206,24.794759,GBIF,2023-12-30
Pistia_stratiotes,113.941751,22.266466,GBIF,2023-04-28
Pistia_stratiotes,114.243002,22.507444,GBIF,2023-04-28
Pistia_stratiotes,114.277301,22.395336,GBIF,2023-08-13
Pistia_stratiotes,113.323606,23.072779,GBIF,2022-03-19
Pistia_stratiotes,118.08339,24.463241,GBIF,2022-04-29
Pistia_stratiotes,122.20778,29.985367,GBIF,2022-07-20
Pistia_stratiotes,121.3869,31.2832,GBIF,2022-09-10
Pistia_stratiotes,121.054078,24.832328,GBIF,2022-01-27
Pistia_stratiotes,121.222832,23.119077,GBIF,2022-01-06
Pistia_stratiotes,121.126668,24.809287,GBIF,2022-02-11
Pistia_stratiotes,120.36445,23.73022,GBIF,2022-03-13
Pistia_stratiotes,120.291447,22.846244,GBIF,2022-03-18
Pistia_stratiotes,121.596836,24.643692,GBIF,2022-03-31
Pistia_stratiotes,120.296638,22.785412,GBIF,2022-04-26
Pistia_stratiotes,121.660247,25.085753,GBIF,2022-05-19
Pistia_stratiotes,121.660136,24.982967,GBIF,2022-05-08
Pistia_stratiotes,121.781914,25.143575,GBIF,2022-06-15
Pistia_stratiotes,120.552603,24.321145,GBIF,2022-06-21
Pistia_stratiotes,121.178853,24.768539,GBIF,2022-06-11
Pistia_stratiotes,121.852556,25.039994,GBIF,2022-06-07
Pistia_stratiotes,121.477443,23.898236,GBIF,2022-08-14
Pistia_stratiotes,121.747772,24.680047,GBIF,2022-08-15
Pistia_stratiotes,121.525855,23.896253,GBIF,2022-08-18
Pistia_stratiotes,121.216847,23.404007,GBIF,2022-08-15
Pistia_stratiotes,120.829651,24.641002,GBIF,2022-09-01
Pistia_stratiotes,120.673017,23.775666,GBIF,2022-09-15
Pistia_stratiotes,120.444843,23.598371,GBIF,2022-09-26
Pistia_stratiotes,120.223942,22.971995,GBIF,2022-10-01
Pistia_stratiotes,120.576098,23.584444,GBIF,2022-10-21
Pistia_stratiotes,121.016997,22.819981,GBIF,2022-10-10
Pistia_stratiotes,121.627343,24.749521,GBIF,2022-10-19
Pistia_stratiotes,120.458081,23.458339,GBIF,2022-11-06
Pistia_stratiotes,121.791204,24.700281,GBIF,2022-11-15
Pistia_stratiotes,121.497933,23.862733,GBIF,2022-12-10
Pistia_stratiotes,120.659331,23.528944,GBIF,2022-12-11
Pistia_stratiotes,121.565427,25.032882,GBIF,2022-12-25
Pistia_stratiotes,114.043688,22.281828,GBIF,2022-01-29
Pistia_stratiotes,114.080584,22.420287,GBIF,2022-02-09
Pistia_stratiotes,114.158079,22.502447,GBIF,2022-09-12
Pistia_stratiotes,119.186418,26.056747,GBIF,2021-03-23
Pistia_stratiotes,117.992908,24.756799,GBIF,2021-04-26
Pistia_stratiotes,118.210796,27.607614,GBIF,2021-07-24
Pistia_stratiotes,120.347723,36.065008,GBIF,2021-10-18
Pistia_stratiotes,120.68986,23.581746,GBIF,2021-01-02
Pistia_stratiotes,120.710616,24.134334,GBIF,2021-01-02
Pistia_stratiotes,120.757566,24.27943,GBIF,2021-02-05
Pistia_stratiotes,120.627669,23.963287,GBIF,2021-03-21
Pistia_stratiotes,120.911782,23.900117,GBIF,2021-03-29
Pistia_stratiotes,121.559037,23.819907,GBIF,2021-04-22
Pistia_stratiotes,120.650863,22.996258,GBIF,2021-05-08
Pistia_stratiotes,120.668307,23.383327,GBIF,2021-05-02
Pistia_stratiotes,120.141735,23.100611,GBIF,2021-05-06
Pistia_stratiotes,120.563331,22.580839,GBIF,2021-07-08
Pistia_stratiotes,121.665087,25.068381,GBIF,2021-08-17
Pistia_stratiotes,121.449669,25.089261,GBIF,2021-08-31
Pistia_stratiotes,121.385617,23.504228,GBIF,2021-08-25
Pistia_stratiotes,120.675041,23.446743,GBIF,2021-10-12
Pistia_stratiotes,120.589314,24.108058,GBIF,2021-10-28
Pistia_stratiotes,120.223001,23.533813,GBIF,2021-10-21
Pistia_stratiotes,120.713545,24.008187,GBIF,2021-12-01
Pistia_stratiotes,120.354378,23.481947,GBIF,2021-12-31
Pistia_stratiotes,114.221145,22.381458,GBIF,2021-01-06
Pistia_stratiotes,114.113484,22.507754,GBIF,2021-05-03
Pistia_stratiotes,114.124674,22.374174,GBIF,2021-09-25
Pistia_stratiotes,114.224127,22.331812,GBIF,2021-12-30
Pistia_stratiotes,100.861761,22.168425,GBIF,2020-08-15
Pistia_stratiotes,109.505158,18.28423,GBIF,2020-11-22
Pistia_stratiotes,110.22069,20.036322,GBIF,2020-11-08
Pistia_stratiotes,116.900787,24.550672,GBIF,2020-11-07
Pistia_stratiotes,120.355981,22.592036,GBIF,2020-03-27
Pistia_stratiotes,120.499607,23.635112,GBIF,2020-04-08
Pistia_stratiotes,120.628865,24.181091,GBIF,2020-04-11
Pistia_stratiotes,120.409827,23.541895,GBIF,2020-04-17
Pistia_stratiotes,120.376012,22.610503,GBIF,2020-04-25
Pistia_stratiotes,120.923562,23.872074,GBIF,2020-05-22
Pistia_stratiotes,120.556352,22.909537,GBIF,2020-06-24
Pistia_stratiotes,120.379555,22.640609,GBIF,2020-06-23
Pistia_stratiotes,120.329317,23.72314,GBIF,2020-08-22
Pistia_stratiotes,120.403633,23.635905,GBIF,2020-10-23
Pistia_stratiotes,120.498872,22.678147,GBIF,2020-11-08
Pistia_stratiotes,121.267188,24.960641,GBIF,2020-12-27
Pistia_stratiotes,121.228942,22.878395,GBIF,2020-12-13
Pistia_stratiotes,120.629862,24.028327,GBIF,2020-12-27
Pistia_stratiotes,113.97967,22.395247,GBIF,2020-04-24
Pistia_stratiotes,120.587743,22.932021,GBIF,2019-01-31
Pistia_stratiotes,120.786399,24.172575,GBIF,2019-02-17
Pistia_stratiotes,121.115472,24.764125,GBIF,2019-04-27
Pistia_stratiotes,120.283335,23.446386,GBIF,2019-05-18
Pistia_stratiotes,121.155931,24.044503,GBIF,2019-07-06
Pistia_stratiotes,121.852165,25.125149,GBIF,2019-10-02
Pistia_stratiotes,120.210861,23.566,GBIF,2019-10-09
Pistia_stratiotes,121.550731,24.902221,GBIF,2019-10-13
Pistia_stratiotes,120.569462,24.336456,GBIF,2019-10-19
Pistia_stratiotes,120.831038,24.54805,GBIF,2019-11-26
Pistia_stratiotes,114.146588,22.455129,GBIF,2019-05-22
Pistia_stratiotes,114.196157,22.286548,GBIF,2019-11-06
Pistia_stratiotes,113.365981,23.181828,GBIF,2018-03-10
Pistia_stratiotes,113.106705,22.94654,GBIF,2018-08-18
Pistia_stratiotes,121.434926,31.252496,GBIF,2018-09-08
Pistia_stratiotes,121.391633,23.593818,GBIF,2018-09-14
Pistia_stratiotes,121.154725,22.93247,GBIF,2018-10-02
Pistia_stratiotes,114.180697,22.466398,GBIF,2018-04-29
Pistia_stratiotes,114.116943,22.228611,GBIF,2018-04-30
Pistia_stratiotes,117.014878,36.671683,GBIF,2017-06-25
Pistia_stratiotes,120.23546,27.626431,GBIF,2016-08-28
Pistia_stratiotes,98.012071,24.459525,GBIF,2015-03-26
Pistia_stratiotes,121.6,24,GBIF,2015-08-16
Pistia_stratiotes,110.116516,31.030343,GBIF,2014-09-13
Pistia_stratiotes,114.422395,30.544577,GBIF,2014-10-02
Pistia_stratiotes,114.176394,22.578788,GBIF,2013-03-09
Pistia_stratiotes,102.83322,24.87966,GBIF,2010-08-25
Pistia_stratiotes,115.105,33.41,GBIF,2023-11-13
Pistia_stratiotes,117.887,33.13,GBIF,2023-11-13
Pistia_stratiotes,120.340903,22.533806,GBIF,2023-11-22
Pistia_stratiotes,121.23773,23.156826,GBIF,2022-07-05
Pistia_stratiotes,121.329793,23.322756,GBIF,2022-07-08
Pistia_stratiotes,121.270227,23.217991,GBIF,2022-07-06
Pistia_stratiotes,121.092741,24.747125,GBIF,2021-07-20
Pistia_stratiotes,121.496143,23.463018,GBIF,2021-08-23
Pistia_stratiotes,121.440613,23.496493,GBIF,2021-08-23
Pistia_stratiotes,121.407977,23.482869,GBIF,2021-08-23
Pistia_stratiotes,114.195719,22.239065,GBIF,2021-04-07
Pistia_stratiotes,121.620329,25.001564,GBIF,2016-11-17
Pistia_stratiotes,121.04147,24.71373,GBIF,2015-01-20
Pistia_stratiotes,121.76659,24.93963,GBIF,2015-02-10
Pistia_stratiotes,120.92127,24.75817,GBIF,2015-03-03
Pistia_stratiotes,121.22789,25.05674,GBIF,2015-07-22
Pistia_stratiotes,114.18,22.43,GBIF,2015-07-28
Pistia_stratiotes,115.17,22.85,GBIF,2014-09-17
Pistia_stratiotes,108.3,22.83,GBIF,2014
Pistia_stratiotes,121.85786,24.57579,GBIF,2014-02-01
Pistia_stratiotes,120.44149,23.04502,GBIF,2013-05-09
Pistia_stratiotes,120.58341,22.60305,GBIF,2012-03-29
Pistia_stratiotes,120.52779,22.56658,GBIF,2012-05-09
Pistia_stratiotes,120.55435,22.59692,GBIF,2012-05-09
Pistia_stratiotes,120.60496,22.57751,GBIF,2012-05-22
Pistia_stratiotes,120.38263,22.82365,GBIF,2012-09-26
Pistia_stratiotes,120.048889,23.078889,GBIF,2012-12-25
Pistia_stratiotes,121.171,23.04541,GBIF,2011-04-12
Pistia_stratiotes,121.44006,23.66116,GBIF,2011-06-15
Pistia_stratiotes,121.53468,23.86984,GBIF,2011-11-10
Pistia_stratiotes,111.38,29.58,GBIF,2007
Pistia_stratiotes,119.82,28.9,GBIF,1989
Pistia_stratiotes,108.07,26.38,GBIF,1987
Pistia_stratiotes,116.12,30.15,GBIF,1987
Pistia_stratiotes,117.7,28.32,GBIF,1985
Pistia_stratiotes,118.03,27.77,GBIF,1982
Pistia_stratiotes,97.93,24.72,GBIF,1978
Pistia_stratiotes,105.38,29.15,GBIF,1977
Pistia_stratiotes,103.09,22.79,GBIF,1974
Pistia_stratiotes,102.83,23.23,GBIF,1973
Pistia_stratiotes,113.61,22.77,GBIF,1973
Pistia_stratiotes,113.07,28.25,GBIF,1973
Pistia_stratiotes,119.13,28.08,GBIF,1972
Pistia_stratiotes,114.52,26.33,GBIF,1970
Pistia_stratiotes,114.75,25.65,GBIF,1967
Pistia_stratiotes,91.14,29.65,GBIF,1964
Pistia_stratiotes,117.82,24.45,GBIF,1964
Pistia_stratiotes,115.4,31.8,GBIF,1963
Pistia_stratiotes,101.57,21.48,GBIF,1960
Pistia_stratiotes,112.18,23.92,GBIF,1959
Pistia_stratiotes,114.02,32.8,GBIF,1958
Pistia_stratiotes,116.33,26.33,GBIF,1958
Pistia_stratiotes,113.58,23.55,GBIF,1958
Pistia_stratiotes,102.12,26.88,GBIF,1958
Pistia_stratiotes,102.27,27.9,GBIF,1958
Pistia_stratiotes,100.82,38.43,GBIF,1958
Pistia_stratiotes,109.4,29.52,GBIF,1958
Pistia_stratiotes,99.83,23.47,GBIF,1957
Pistia_stratiotes,112.45,23.03,GBIF,1956
Pistia_stratiotes,115.98,29.68,GBIF,1956
Pistia_stratiotes,100.7,23.5,GBIF,1955
Pistia_stratiotes,109.45,19.23,GBIF,1945
Pistia_stratiotes,121.62326,24.795777,GBIF,1905-10-10
Pistia_stratiotes,117.47,26.72,GBIF,1991
Pistia_stratiotes,111.13,29.42,GBIF,1984
Pistia_stratiotes,118.08,24.47,GBIF,1980
Pistia_stratiotes,116.58,23.33,GBIF,1980
Pistia_stratiotes,97.931861,24.705249,GBIF,1978
Pistia_stratiotes,102.835218,23.219942,GBIF,1973
Pistia_stratiotes,120.371944,23.416111,GBIF,1960-11-04
Pistia_stratiotes,120.75,30.75,GBIF,1959
Pistia_stratiotes,113.01,33.9,GBIF,1959
Pistia_stratiotes,116.343476,26.326566,GBIF,1958
Pistia_stratiotes,120.62,30.99,GBIF,1958
Pistia_stratiotes,109.4,29.49,GBIF,1958
Pistia_stratiotes,120.17,30.27,GBIF,1958
Pistia_stratiotes,115.972806,29.342501,GBIF,1957
Pistia_stratiotes,103.086573,22.792186,GBIF,1956
Pistia_stratiotes,110.16547,22.638462,GBIF,1956
Pistia_stratiotes,100.439656,23.224281,GBIF,1955
Pistia_stratiotes,120.300556,23.492778,GBIF,1942-06-11
Pistia_stratiotes,102.491391,23.714836,GBIF,1941
Pistia_stratiotes,100.709787,24.615701,GBIF,1939
Pistia_stratiotes,100.799775,22.01071,GBIF,1936
Pistia_stratiotes,100.452547,21.957355,GBIF,1936
Pistia_stratiotes,108.310905,22.653799,GBIF,1936
Pistia_stratiotes,120.53828,22.78412,GBIF,2019-04-16
Pistia_stratiotes,120.54642,22.7818,GBIF,2019-04-16
Pistia_stratiotes,120.57197,22.91712,GBIF,2019-04-16
Pistia_stratiotes,120.88588,24.4668,GBIF,2013-09-05
Pistia_stratiotes,111.38,29.58,CVH/NSII via GBIF,2007
Pistia_stratiotes,111.38,29.58,CVH/NSII via GBIF,2007
Pistia_stratiotes,111.38,29.58,CVH/NSII via GBIF,2007
Pistia_stratiotes,111.38,29.58,CVH/NSII via GBIF,2007
Pistia_stratiotes,111.38,29.58,CVH/NSII via GBIF,2007
Pistia_stratiotes,111.38,29.58,CVH/NSII via GBIF,2007
Pistia_stratiotes,111.38,29.58,CVH/NSII via GBIF,2007
Pistia_stratiotes,111.38,29.58,CVH/NSII via GBIF,2007
Pistia_stratiotes,116.12,30.15,CVH/NSII via GBIF,1987
Pistia_stratiotes,117.7,28.32,CVH/NSII via GBIF,1985
Pistia_stratiotes,97.93,24.72,CVH/NSII via GBIF,1978
Pistia_stratiotes,103.09,22.79,CVH/NSII via GBIF,1974
Pistia_stratiotes,102.83,23.23,CVH/NSII via GBIF,1973
Pistia_stratiotes,113.07,28.25,CVH/NSII via GBIF,1973
Pistia_stratiotes,113.61,22.77,CVH/NSII via GBIF,1973
Pistia_stratiotes,113.61,22.77,CVH/NSII via GBIF,1973
Pistia_stratiotes,119.13,28.08,CVH/NSII via GBIF,1964
Pistia_stratiotes,112.18,23.92,CVH/NSII via GBIF,1959
Pistia_stratiotes,116.33,26.33,CVH/NSII via GBIF,1958
Pistia_stratiotes,114.02,32.8,CVH/NSII via GBIF,1958
Pistia_stratiotes,119.13,28.08,CVH/NSII via GBIF,1958
Pistia_stratiotes,114.02,32.8,CVH/NSII via GBIF,1958
Pistia_stratiotes,114.02,32.8,CVH/NSII via GBIF,1958
Pistia_stratiotes,113.58,23.55,CVH/NSII via GBIF,1958
Pistia_stratiotes,119.13,28.08,CVH/NSII via GBIF,1958
Pistia_stratiotes,116.33,26.33,CVH/NSII via GBIF,1958
Pistia_stratiotes,102.12,26.88,CVH/NSII via GBIF,1958
Pistia_stratiotes,116.33,26.33,CVH/NSII via GBIF,1958
Pistia_stratiotes,102.12,26.88,CVH/NSII via GBIF,1958
Pistia_stratiotes,119.13,28.08,CVH/NSII via GBIF,1958
Pistia_stratiotes,102.12,26.88,CVH/NSII via GBIF,1958
Pistia_stratiotes,109.4,29.52,CVH/NSII via GBIF,1958
Pistia_stratiotes,103.09,22.79,CVH/NSII via GBIF,1956
Pistia_stratiotes,112.45,23.03,CVH/NSII via GBIF,1956
Pistia_stratiotes,100.7,23.5,CVH/NSII via GBIF,1955
Pistia_stratiotes,115.68,30.73,PPBC,—
Pistia_stratiotes,113.1,26.13,PPBC,—
Pistia_stratiotes,119.48,28.45,PPBC,—
Pistia_stratiotes,102.5,23.72,PPBC,—
Pistia_stratiotes,102.67,24.95,PPBC,—
Pistia_stratiotes,116.39,39.98,PPBC,—
Pistia_stratiotes,119,25.8,PPBC,—
Pistia_stratiotes,116.4,40.21,PPBC,—
Pistia_stratiotes,110.2,18.73,PPBC,—
Pistia_stratiotes,120.3,31.5,PPBC,—
Pistia_stratiotes,114.17,22.58,PPBC,—
Pistia_stratiotes,111.48,27.24,PPBC,—
Pistia_stratiotes,117.1,39,PPBC,—
Pistia_stratiotes,113.4,23.1,PPBC,—
Pistia_stratiotes,118.48,36.7,PPBC,—
Pistia_stratiotes,114.12,22.43,PPBC,—
Pistia_stratiotes,106.07,29.85,PPBC,—
Pistia_stratiotes,121.18,31.08,PPBC,—
Pistia_stratiotes,108.62,21.95,PPBC,—
Pistia_stratiotes,110.18982,25.07942,Literature,10.1080/02705060.2025.2516504
Pistia_stratiotes,104.04185,30.55598,Literature,10.3391/bir.2023.12.4.19
Pistia_stratiotes,120.559601,23.453347,Literature,10.1016/j.envadv.2025.100672
Pistia_stratiotes,120.26336,31.47885,Literature,10.13254/j.jare.2021.0492
Pistia_stratiotes,102.65752,25.03069,Literature,10.1016/j.jenvman.2025.121890
Pistia_stratiotes,118.7049,31.99785,Literature,10.1038/s41598-024-57329-y
